phenomenon,item_id,content,randomized_option_order,randomized_labels_complex,randomized_true_answer,original_labels_complex,is_example,prompt,seed,generation,generation_isvalid,distribution,prob_true_answer,answer,correct,answer_label_complex,model
IV,1,"In a shop, Lara tries on a dress. The dress is far too long for her. Lara asks Simon: ""Does this dress fit me?"" Simon answers: ""Wow! That must be custom made! It's clearly the perfect size and length for you."" What did Simon want to convey? ","[2, 1, 4, 3]","['CorrectNonLiteral', 'IncorrectLiteral', 'IncorrectNonSequitur', 'IncorrectAssociate']",1,"['IncorrectLiteral', 'CorrectNonLiteral', 'IncorrectAssociate', 'IncorrectNonSequitur']",False,"Task: You will read short stories that describe everyday situations. Each story will be followed by a multiple-choice question. Read each story and choose the best answer. Your task is to decide what the character in the story is trying to convey. The answer options are 1, 2, 3, or 4.

Scenario: In a shop, Lara tries on a dress. The dress is far too long for her. Lara asks Simon: ""Does this dress fit me?"" Simon answers: ""Wow! That must be custom made! It's clearly the perfect size and length for you."" What did Simon want to convey? 
Options:
1) Lara needs to get a dress of a shorter length.
2) The dress is fitting well.
3) Simon has to get back to work.
4) Simon does not like the color of this dress.
Answer: ",4,4,True,"{'1': np.float64(0.2964943895933864), '2': np.float64(0.18699666755707298), '3': np.float64(0.18053678393880185), '4': np.float64(0.3359721589107387)}",0.2964943895933864,4,False,IncorrectAssociate,pythia-1.4b
IV,2,"Christian is Shane's big brother. One day, Christian is helping Shane with his homework. Christian explains the homework to Shane. When Shane starts the assignment, he does not follow Christian's instructions. Christian says, ""You are such a wonderful listener."" What did Christian want to convey?","[4, 3, 2, 1]","['IncorrectNonSequitur', 'IncorrectAssociate', 'CorrectNonLiteral', 'IncorrectLiteral']",3,"['IncorrectLiteral', 'CorrectNonLiteral', 'IncorrectAssociate', 'IncorrectNonSequitur']",False,"Task: You will read short stories that describe everyday situations. Each story will be followed by a multiple-choice question. Read each story and choose the best answer. Your task is to decide what the character in the story is trying to convey. The answer options are 1, 2, 3, or 4.

Scenario: Christian is Shane's big brother. One day, Christian is helping Shane with his homework. Christian explains the homework to Shane. When Shane starts the assignment, he does not follow Christian's instructions. Christian says, ""You are such a wonderful listener."" What did Christian want to convey?
Options:
1) Shane needs to see an eye doctor.
2) Shane's hearing improved greatly.
3) Shane was not paying attention when Christian was talking.
4) Shane was paying attention when Christian was talking.
Answer: ",4,4,True,"{'1': np.float64(0.19421341139351658), '2': np.float64(0.10851911831990953), '3': np.float64(0.1775254294518515), '4': np.float64(0.5197420408347224)}",0.1775254294518515,4,False,IncorrectLiteral,pythia-1.4b
IV,3,"Andrew and Phil are good friends, but they play on different basketball teams. During one game, Phil tries to score a basket but Andrew blocks his shot. Andrew says, ""You are so good at this."" What did Andrew want to convey? ","[1, 3, 2, 4]","['IncorrectLiteral', 'IncorrectAssociate', 'CorrectNonLiteral', 'IncorrectNonSequitur']",3,"['IncorrectLiteral', 'CorrectNonLiteral', 'IncorrectAssociate', 'IncorrectNonSequitur']",False,"Task: You will read short stories that describe everyday situations. Each story will be followed by a multiple-choice question. Read each story and choose the best answer. Your task is to decide what the character in the story is trying to convey. The answer options are 1, 2, 3, or 4.

Scenario: Andrew and Phil are good friends, but they play on different basketball teams. During one game, Phil tries to score a basket but Andrew blocks his shot. Andrew says, ""You are so good at this."" What did Andrew want to convey? 
Options:
1) Phil is a great basketball player.
2) Phil's blocking is impressive.
3) Phil's basketball skills could be better.
4) Phil is a great student.
Answer: ",4,1,True,"{'1': np.float64(0.3163440976630346), '2': np.float64(0.2074635243186537), '3': np.float64(0.1926233615699433), '4': np.float64(0.28356901644836846)}",0.1926233615699433,1,False,IncorrectLiteral,pythia-1.4b
IV,4,"Patrick and Jon like to eat at restaurants. One afternoon, they are at a restaurant eating lunch. Patrick orders a bowl of noodles and Jon orders a rice dish. While eating his meal, Patrick spills some noodles on his shirt. Jon says, ""You are so graceful."" What did Jon want to convey?","[4, 2, 3, 1]","['IncorrectNonSequitur', 'CorrectNonLiteral', 'IncorrectAssociate', 'IncorrectLiteral']",2,"['IncorrectLiteral', 'CorrectNonLiteral', 'IncorrectAssociate', 'IncorrectNonSequitur']",False,"Task: You will read short stories that describe everyday situations. Each story will be followed by a multiple-choice question. Read each story and choose the best answer. Your task is to decide what the character in the story is trying to convey. The answer options are 1, 2, 3, or 4.

Scenario: Patrick and Jon like to eat at restaurants. One afternoon, they are at a restaurant eating lunch. Patrick orders a bowl of noodles and Jon orders a rice dish. While eating his meal, Patrick spills some noodles on his shirt. Jon says, ""You are so graceful."" What did Jon want to convey?
Options:
1) Patrick pays a lot of attention to fashion.
2) Patrick is careless.
3) Patrick is allergic to noodles.
4) Patrick is very cautious.
Answer: ",4,4,True,"{'1': np.float64(0.23606110813938377), '2': np.float64(0.1415102219356871), '3': np.float64(0.18312783379540915), '4': np.float64(0.43930083612952)}",0.1415102219356871,4,False,IncorrectLiteral,pythia-1.4b
IV,5,"Today Sarah and Tom are going to the beach to go swimming and sunbathing. It was Tom's idea, as he said it was going to be a lovely sunny day to go to the beach. But just as they arrive at the beach, it starts to rain and thunder. Sarah becomes angry. She says ""Oh yes, a lovely day for going to the beach."" What did Sarah want to convey?","[1, 3, 4, 2]","['IncorrectLiteral', 'IncorrectAssociate', 'IncorrectNonSequitur', 'CorrectNonLiteral']",4,"['IncorrectLiteral', 'CorrectNonLiteral', 'IncorrectAssociate', 'IncorrectNonSequitur']",False,"Task: You will read short stories that describe everyday situations. Each story will be followed by a multiple-choice question. Read each story and choose the best answer. Your task is to decide what the character in the story is trying to convey. The answer options are 1, 2, 3, or 4.

Scenario: Today Sarah and Tom are going to the beach to go swimming and sunbathing. It was Tom's idea, as he said it was going to be a lovely sunny day to go to the beach. But just as they arrive at the beach, it starts to rain and thunder. Sarah becomes angry. She says ""Oh yes, a lovely day for going to the beach."" What did Sarah want to convey?
Options:
1) Tom's idea to go to the beach was genius. 
2) Tom forgot his sunscreen.
3) Tom forgot his passport.
4) Tom's idea to go to the beach was awful.
Answer: ",4,4,True,"{'1': np.float64(0.19974476914502923), '2': np.float64(0.2013113867859132), '3': np.float64(0.22722634774137848), '4': np.float64(0.3717174963276792)}",0.3717174963276792,4,True,CorrectNonLiteral,pythia-1.4b
IV,6,"It is a holiday. Stefan and Kim are sitting in the backseat of the car. They are fighting all the time. Their father says: ""Oh, it is so pleasant here."" What did the father want to convey?","[1, 4, 2, 3]","['IncorrectLiteral', 'IncorrectNonSequitur', 'CorrectNonLiteral', 'IncorrectAssociate']",3,"['IncorrectLiteral', 'CorrectNonLiteral', 'IncorrectAssociate', 'IncorrectNonSequitur']",False,"Task: You will read short stories that describe everyday situations. Each story will be followed by a multiple-choice question. Read each story and choose the best answer. Your task is to decide what the character in the story is trying to convey. The answer options are 1, 2, 3, or 4.

Scenario: It is a holiday. Stefan and Kim are sitting in the backseat of the car. They are fighting all the time. Their father says: ""Oh, it is so pleasant here."" What did the father want to convey?
Options:
1) He enjoys listening to his kids fighting.
2) He remembers about his wife's birthday.
3) He does not want to listen to his kids' arguments.
4) AC gives them some needed cool.
Answer: ",4,4,True,"{'1': np.float64(0.20657378117918893), '2': np.float64(0.138687075858212), '3': np.float64(0.18373052432963324), '4': np.float64(0.47100861863296584)}",0.18373052432963324,4,False,IncorrectAssociate,pythia-1.4b
IV,7,"Kim and Jane are leaving the football stadium. Jane says, ""What a wonderful game."" Kim looks disappointed. Kim replies: ""Sorry I made you come."" What did Jane want to convey?","[2, 4, 1, 3]","['CorrectNonLiteral', 'IncorrectNonSequitur', 'IncorrectLiteral', 'IncorrectAssociate']",1,"['IncorrectLiteral', 'CorrectNonLiteral', 'IncorrectAssociate', 'IncorrectNonSequitur']",False,"Task: You will read short stories that describe everyday situations. Each story will be followed by a multiple-choice question. Read each story and choose the best answer. Your task is to decide what the character in the story is trying to convey. The answer options are 1, 2, 3, or 4.

Scenario: Kim and Jane are leaving the football stadium. Jane says, ""What a wonderful game."" Kim looks disappointed. Kim replies: ""Sorry I made you come."" What did Jane want to convey?
Options:
1) The game was a disaster.
2) The game of chess was over.    
3) The game was outstanding.
4) The game ended too late.
Answer: ",4,4,True,"{'1': np.float64(0.25557875425239884), '2': np.float64(0.21860809320884142), '3': np.float64(0.16958840393074046), '4': np.float64(0.3562247486080193)}",0.25557875425239884,4,False,IncorrectAssociate,pythia-1.4b
IV,8,"Mark entered a golf tournament where he played badly and kept missing very easy shots. His friend Hal watched the tournament and afterwards he said to Mark, ""You sure are a good golfer."" What did Hal want to convey?","[2, 3, 4, 1]","['CorrectNonLiteral', 'IncorrectAssociate', 'IncorrectNonSequitur', 'IncorrectLiteral']",1,"['IncorrectLiteral', 'CorrectNonLiteral', 'IncorrectAssociate', 'IncorrectNonSequitur']",False,"Task: You will read short stories that describe everyday situations. Each story will be followed by a multiple-choice question. Read each story and choose the best answer. Your task is to decide what the character in the story is trying to convey. The answer options are 1, 2, 3, or 4.

Scenario: Mark entered a golf tournament where he played badly and kept missing very easy shots. His friend Hal watched the tournament and afterwards he said to Mark, ""You sure are a good golfer."" What did Hal want to convey?
Options:
1) Mark isn't a good player.
2) Mark forgot to thank his caddy.
3) Mark forgot to thank his dentist.  
4) Mark is an exceptional player.
Answer: ",4,4,True,"{'1': np.float64(0.18074108705002329), '2': np.float64(0.12373711797968825), '3': np.float64(0.1601277283418124), '4': np.float64(0.535394066628476)}",0.18074108705002329,4,False,IncorrectLiteral,pythia-1.4b
IV,9,"Adrian's mother asks if he can look in his brother Tom's room to check if he has tidied up. Adrian opens the door to Tom's room, peers in, and sees that the room appears as it normally does - cluttered with toys and dirty clothes. He shouts to his mother: ""Mother, Tom, as usual, has done a splendid job tidying up!"" What did Adrian want to convey?","[2, 4, 1, 3]","['CorrectNonLiteral', 'IncorrectNonSequitur', 'IncorrectLiteral', 'IncorrectAssociate']",1,"['IncorrectLiteral', 'CorrectNonLiteral', 'IncorrectAssociate', 'IncorrectNonSequitur']",False,"Task: You will read short stories that describe everyday situations. Each story will be followed by a multiple-choice question. Read each story and choose the best answer. Your task is to decide what the character in the story is trying to convey. The answer options are 1, 2, 3, or 4.

Scenario: Adrian's mother asks if he can look in his brother Tom's room to check if he has tidied up. Adrian opens the door to Tom's room, peers in, and sees that the room appears as it normally does - cluttered with toys and dirty clothes. He shouts to his mother: ""Mother, Tom, as usual, has done a splendid job tidying up!"" What did Adrian want to convey?
Options:
1) Tom's room is still messy.
2) Tom cannot find a lawyer. 
3) Tom tidied up his room.
4) Tom cannot find a vacuum.
Answer: ",4,4,True,"{'1': np.float64(0.3049650359160532), '2': np.float64(0.1588330076092598), '3': np.float64(0.14461909915738486), '4': np.float64(0.3915828573173022)}",0.3049650359160532,4,False,IncorrectAssociate,pythia-1.4b
IV,10,"Callie promised to bring a salad to Jason's dinner party. She arrived two hours late. Jason said, ""I'm so glad that you were able to fit us into your busy schedule."" What did Jason want to convey?","[4, 2, 3, 1]","['IncorrectNonSequitur', 'CorrectNonLiteral', 'IncorrectAssociate', 'IncorrectLiteral']",2,"['IncorrectLiteral', 'CorrectNonLiteral', 'IncorrectAssociate', 'IncorrectNonSequitur']",False,"Task: You will read short stories that describe everyday situations. Each story will be followed by a multiple-choice question. Read each story and choose the best answer. Your task is to decide what the character in the story is trying to convey. The answer options are 1, 2, 3, or 4.

Scenario: Callie promised to bring a salad to Jason's dinner party. She arrived two hours late. Jason said, ""I'm so glad that you were able to fit us into your busy schedule."" What did Jason want to convey?
Options:
1) He is tired and is going to bed.
2) He is annoyed that Callie showed up late.
3) He is hungry and wants to eat Callie's salad.
4) He is happy that Callie made it to the party.
Answer: ",4,4,True,"{'1': np.float64(0.17808112161613404), '2': np.float64(0.1097125963246184), '3': np.float64(0.1679464932124965), '4': np.float64(0.5442597888467511)}",0.1097125963246184,4,False,IncorrectLiteral,pythia-1.4b
IV,11,"John is a teacher at an elementary school. When talking with the principal about a new student, who did poorly on her entrance examination, John said, ""This one is really sharp."" What did John want to convey?","[3, 4, 1, 2]","['IncorrectAssociate', 'IncorrectNonSequitur', 'IncorrectLiteral', 'CorrectNonLiteral']",4,"['IncorrectLiteral', 'CorrectNonLiteral', 'IncorrectAssociate', 'IncorrectNonSequitur']",False,"Task: You will read short stories that describe everyday situations. Each story will be followed by a multiple-choice question. Read each story and choose the best answer. Your task is to decide what the character in the story is trying to convey. The answer options are 1, 2, 3, or 4.

Scenario: John is a teacher at an elementary school. When talking with the principal about a new student, who did poorly on her entrance examination, John said, ""This one is really sharp."" What did John want to convey?
Options:
1) The entrance exam is unfair. 
2) The pencils need to be sharpened.
3) The student is smart.
4) The student is not very clever.
Answer: ",4,4,True,"{'1': np.float64(0.16396879631590372), '2': np.float64(0.12043165256172506), '3': np.float64(0.21054010201331572), '4': np.float64(0.5050594491090554)}",0.5050594491090554,4,True,CorrectNonLiteral,pythia-1.4b
IV,12,"Melissa's friend convinces her to accompany her to a nightclub that her friend says is ""super hot"". When they arrive, it is so cold inside that they can see their breath. Melissa turns to her friend and says, ""The heat is really on in here."" What did Melissa want to convey?","[1, 3, 4, 2]","['IncorrectLiteral', 'IncorrectNonSequitur', 'IncorrectAssociate', 'CorrectNonLiteral']",4,"['IncorrectLiteral', 'CorrectNonLiteral', 'IncorrectNonSequitur', 'IncorrectAssociate']",False,"Task: You will read short stories that describe everyday situations. Each story will be followed by a multiple-choice question. Read each story and choose the best answer. Your task is to decide what the character in the story is trying to convey. The answer options are 1, 2, 3, or 4.

Scenario: Melissa's friend convinces her to accompany her to a nightclub that her friend says is ""super hot"". When they arrive, it is so cold inside that they can see their breath. Melissa turns to her friend and says, ""The heat is really on in here."" What did Melissa want to convey?
Options:
1) It is too hot.
2) It is too loud.
3) It is too bright. 
4) It is too cold.
Answer: ",4,4,True,"{'1': np.float64(0.16814744614508667), '2': np.float64(0.2193056129874428), '3': np.float64(0.20601855758872042), '4': np.float64(0.4065283832787501)}",0.4065283832787501,4,True,CorrectNonLiteral,pythia-1.4b
IV,13,"Your friend is working on his novel and is not making any progress. When you ask him how it is going he says, ""It couldn't be any better.""  What does your friend want to convey?","[2, 1, 3, 4]","['CorrectNonLiteral', 'IncorrectLiteral', 'IncorrectAssociate', 'IncorrectNonSequitur']",1,"['IncorrectLiteral', 'CorrectNonLiteral', 'IncorrectAssociate', 'IncorrectNonSequitur']",False,"Task: You will read short stories that describe everyday situations. Each story will be followed by a multiple-choice question. Read each story and choose the best answer. Your task is to decide what the character in the story is trying to convey. The answer options are 1, 2, 3, or 4.

Scenario: Your friend is working on his novel and is not making any progress. When you ask him how it is going he says, ""It couldn't be any better.""  What does your friend want to convey?
Options:
1) He is unhappy with his work.
2) He is happy with his work.
3) He needs to polish his style.
4) He needs to buy a new car.
Answer: ",4,4,True,"{'1': np.float64(0.25691988489322337), '2': np.float64(0.12327150794651737), '3': np.float64(0.1962193280709734), '4': np.float64(0.4235892790892859)}",0.25691988489322337,4,False,IncorrectNonSequitur,pythia-1.4b
IV,14,"Tom, who is who is a gourmet chef, was offered a job at a new restaurant. Tom's potential employer offered him really low pay and no benefits. When you ask Tom what he thinks of the offer he says, ""Well, their generosity knows no bounds."" What does Tom want to convey?","[4, 3, 1, 2]","['IncorrectNonSequitur', 'IncorrectAssociate', 'IncorrectLiteral', 'CorrectNonLiteral']",4,"['IncorrectLiteral', 'CorrectNonLiteral', 'IncorrectAssociate', 'IncorrectNonSequitur']",False,"Task: You will read short stories that describe everyday situations. Each story will be followed by a multiple-choice question. Read each story and choose the best answer. Your task is to decide what the character in the story is trying to convey. The answer options are 1, 2, 3, or 4.

Scenario: Tom, who is who is a gourmet chef, was offered a job at a new restaurant. Tom's potential employer offered him really low pay and no benefits. When you ask Tom what he thinks of the offer he says, ""Well, their generosity knows no bounds."" What does Tom want to convey?
Options:
1) He is tired of jogging every morning.
2) He is glad to be employed
3) He is excited about the job offer.
4) He is disappointed with the job offer. 
Answer: ",4,4,True,"{'1': np.float64(0.20126865953791176), '2': np.float64(0.13779049510731098), '3': np.float64(0.14898704862704867), '4': np.float64(0.5119537967277287)}",0.5119537967277287,4,True,CorrectNonLiteral,pythia-1.4b
IV,15,"Megan and Kristine were looking after the neighbor's children one afternoon. The kids were energetic, enthusiastic, and well behaved. On the way home, Kristine said, ""Those kids were not fun at all."" What does Kristine want to convey?","[1, 3, 4, 2]","['IncorrectLiteral', 'IncorrectAssociate', 'IncorrectNonSequitur', 'CorrectNonLiteral']",4,"['IncorrectLiteral', 'CorrectNonLiteral', 'IncorrectAssociate', 'IncorrectNonSequitur']",False,"Task: You will read short stories that describe everyday situations. Each story will be followed by a multiple-choice question. Read each story and choose the best answer. Your task is to decide what the character in the story is trying to convey. The answer options are 1, 2, 3, or 4.

Scenario: Megan and Kristine were looking after the neighbor's children one afternoon. The kids were energetic, enthusiastic, and well behaved. On the way home, Kristine said, ""Those kids were not fun at all."" What does Kristine want to convey?
Options:
1) Babysitting was an unpleasant experience.
2) Babysitting does not pay well.
3) Rock music should be prohibited. 
4) Babysitting was an enjoyable experience.
Answer: ",4,4,True,"{'1': np.float64(0.16466492692667917), '2': np.float64(0.1481823949419875), '3': np.float64(0.17597094800181645), '4': np.float64(0.511181730129517)}",0.511181730129517,4,True,CorrectNonLiteral,pythia-1.4b
IV,16,"Laura and Lynn were having coffee at a local caf&eacute;. They were talking about a boring date that Laura had had the night before. They had watched old reruns of cartoons all evening. Lynn said, ""That sounds so exciting.""  What did Lynn want to convey?","[3, 1, 2, 4]","['IncorrectAssociate', 'IncorrectLiteral', 'CorrectNonLiteral', 'IncorrectAssociate']",3,"['IncorrectLiteral', 'CorrectNonLiteral', 'IncorrectAssociate', 'IncorrectAssociate']",False,"Task: You will read short stories that describe everyday situations. Each story will be followed by a multiple-choice question. Read each story and choose the best answer. Your task is to decide what the character in the story is trying to convey. The answer options are 1, 2, 3, or 4.

Scenario: Laura and Lynn were having coffee at a local caf&eacute;. They were talking about a boring date that Laura had had the night before. They had watched old reruns of cartoons all evening. Lynn said, ""That sounds so exciting.""  What did Lynn want to convey?
Options:
1) Laura got food poisoning.
2) Laura had a thrilling experience.
3) Laura had a dull experience.
4) Laura needs a babysitter.
Answer: ",4,1,True,"{'1': np.float64(0.3605360613812204), '2': np.float64(0.1805821381545281), '3': np.float64(0.15998690742514368), '4': np.float64(0.2988948930391078)}",0.15998690742514368,1,False,IncorrectAssociate,pythia-1.4b
IV,17,"While Tom and a new acquaintance from work, Sara, were chatting at a party, they noticed a colleague across the room. She was standing alone holding a drink and a CD. Tom points at the girl and comments:  ""The life of the party, right there."" What did Tom want to convey?","[3, 1, 2, 4]","['IncorrectAssociate', 'IncorrectLiteral', 'CorrectNonLiteral', 'IncorrectNonSequitur']",3,"['IncorrectLiteral', 'CorrectNonLiteral', 'IncorrectAssociate', 'IncorrectNonSequitur']",False,"Task: You will read short stories that describe everyday situations. Each story will be followed by a multiple-choice question. Read each story and choose the best answer. Your task is to decide what the character in the story is trying to convey. The answer options are 1, 2, 3, or 4.

Scenario: While Tom and a new acquaintance from work, Sara, were chatting at a party, they noticed a colleague across the room. She was standing alone holding a drink and a CD. Tom points at the girl and comments:  ""The life of the party, right there."" What did Tom want to convey?
Options:
1) Their colleague has good taste in music.
2) Their colleague is very sociable.
3) Their colleague is quite unsociable.
4) Their colleague has good taste in fashion.
Answer: ",4,4,True,"{'1': np.float64(0.2617639435836151), '2': np.float64(0.13265551017837254), '3': np.float64(0.193768058479835), '4': np.float64(0.4118124877581773)}",0.193768058479835,4,False,IncorrectNonSequitur,pythia-1.4b
IV,18,"Jane and her best friend, Arthur, were selling chocolates door to door to raise money for a charity event. Jane and Arthur approached a house and tried to sell their candy to a mean couple. As they walked away, Jane comments: ""People in this community are so nice!""  What did Jane want to convey?","[4, 3, 2, 1]","['IncorrectNonSequitur', 'IncorrectAssociate', 'CorrectNonLiteral', 'IncorrectLiteral']",3,"['IncorrectLiteral', 'CorrectNonLiteral', 'IncorrectAssociate', 'IncorrectNonSequitur']",False,"Task: You will read short stories that describe everyday situations. Each story will be followed by a multiple-choice question. Read each story and choose the best answer. Your task is to decide what the character in the story is trying to convey. The answer options are 1, 2, 3, or 4.

Scenario: Jane and her best friend, Arthur, were selling chocolates door to door to raise money for a charity event. Jane and Arthur approached a house and tried to sell their candy to a mean couple. As they walked away, Jane comments: ""People in this community are so nice!""  What did Jane want to convey?
Options:
1) It is a community of animal lovers.
2) It is a community of chocolate lovers.
3) It is an unfriendly community.
4) It is an amicable community.
Answer: ",4,4,True,"{'1': np.float64(0.3035407387962606), '2': np.float64(0.09893094499649581), '3': np.float64(0.1777467139269084), '4': np.float64(0.4197816022803353)}",0.1777467139269084,4,False,IncorrectLiteral,pythia-1.4b
IV,19,"Penny, Juanita, and Jill have tickets to a basketball game. At halftime, Juanita offers to go get some drinks. Forty minutes later, she finally returns, and Jill remarks, ""That was quick."" What did Jill want to convey?","[4, 1, 2, 3]","['IncorrectNonSequitur', 'IncorrectLiteral', 'CorrectNonLiteral', 'IncorrectAssociate']",3,"['IncorrectLiteral', 'CorrectNonLiteral', 'IncorrectAssociate', 'IncorrectNonSequitur']",False,"Task: You will read short stories that describe everyday situations. Each story will be followed by a multiple-choice question. Read each story and choose the best answer. Your task is to decide what the character in the story is trying to convey. The answer options are 1, 2, 3, or 4.

Scenario: Penny, Juanita, and Jill have tickets to a basketball game. At halftime, Juanita offers to go get some drinks. Forty minutes later, she finally returns, and Jill remarks, ""That was quick."" What did Jill want to convey?
Options:
1) Juanita has the best cat.  
2) Juanita is always so fast.
3) Juanita is always so slow.
4) Juanita has the view of the game.
Answer: ",4,4,True,"{'1': np.float64(0.2415107362541848), '2': np.float64(0.10843302254566502), '3': np.float64(0.16598773974041536), '4': np.float64(0.4840685014597348)}",0.16598773974041536,4,False,IncorrectAssociate,pythia-1.4b
IV,20,"Mark gave his former colleague Krista tickets to a lecture where he was a guest speaker. Within the first 20 minutes of the lecture, the audience started to leave. The next day Krista talked to Mary about the lecture. Krista said: "" Oh, Mark held the audience's attention so well."" What did Krista want to convey?","[2, 4, 1, 3]","['CorrectNonLiteral', 'IncorrectNonSequitur', 'IncorrectLiteral', 'IncorrectAssociate']",1,"['IncorrectLiteral', 'CorrectNonLiteral', 'IncorrectAssociate', 'IncorrectNonSequitur']",False,"Task: You will read short stories that describe everyday situations. Each story will be followed by a multiple-choice question. Read each story and choose the best answer. Your task is to decide what the character in the story is trying to convey. The answer options are 1, 2, 3, or 4.

Scenario: Mark gave his former colleague Krista tickets to a lecture where he was a guest speaker. Within the first 20 minutes of the lecture, the audience started to leave. The next day Krista talked to Mary about the lecture. Krista said: "" Oh, Mark held the audience's attention so well."" What did Krista want to convey?
Options:
1) Mark's speaking skills leave much to be desired.
2) Mark's speech was about ants.  
3) Mark is a great speaker.
4) Mark's speech was on captivating topic.
Answer: ",4,4,True,"{'1': np.float64(0.21712027967087302), '2': np.float64(0.10832532676863046), '3': np.float64(0.19846400212382323), '4': np.float64(0.47609039143667325)}",0.21712027967087302,4,False,IncorrectAssociate,pythia-1.4b
IV,21,"Tracy was in a dance recital and invited her roommate Steve to watch. Tracy tripped many times during her performance. The next day Steve was talking to Dawn about the recital. Steve said: ""Some people have such natural grace!"" What did Steve want to convey?","[3, 1, 4, 2]","['IncorrectAssociate', 'IncorrectLiteral', 'IncorrectNonSequitur', 'CorrectNonLiteral']",4,"['IncorrectLiteral', 'CorrectNonLiteral', 'IncorrectAssociate', 'IncorrectNonSequitur']",False,"Task: You will read short stories that describe everyday situations. Each story will be followed by a multiple-choice question. Read each story and choose the best answer. Your task is to decide what the character in the story is trying to convey. The answer options are 1, 2, 3, or 4.

Scenario: Tracy was in a dance recital and invited her roommate Steve to watch. Tracy tripped many times during her performance. The next day Steve was talking to Dawn about the recital. Steve said: ""Some people have such natural grace!"" What did Steve want to convey?
Options:
1) Tracy's dancing outfit is impressive.
2) Tracy is a great dancer.
3) Tracy's math skills are impressive.  
4) Tracy is not a good dancer.
Answer: ",4,4,True,"{'1': np.float64(0.3075665809460165), '2': np.float64(0.1540512496845133), '3': np.float64(0.1843752046778174), '4': np.float64(0.3540069646916527)}",0.3540069646916527,4,True,CorrectNonLiteral,pythia-1.4b
IV,22,"John finished the race way ahead of the other competitors. His friend laughed and said to him, ""You are so slow!"" What did his friend want to convey?","[4, 2, 1, 3]","['IncorrectNonSequitur', 'CorrectNonLiteral', 'IncorrectLiteral', 'IncorrectAssociate']",2,"['IncorrectLiteral', 'CorrectNonLiteral', 'IncorrectAssociate', 'IncorrectNonSequitur']",False,"Task: You will read short stories that describe everyday situations. Each story will be followed by a multiple-choice question. Read each story and choose the best answer. Your task is to decide what the character in the story is trying to convey. The answer options are 1, 2, 3, or 4.

Scenario: John finished the race way ahead of the other competitors. His friend laughed and said to him, ""You are so slow!"" What did his friend want to convey?
Options:
1) John needs new computer. 
2) John is an outstanding runner.
3) John is not a good runner.
4) John needs new running shoes.
Answer: ",4,4,True,"{'1': np.float64(0.24975968176928548), '2': np.float64(0.13212922653889642), '3': np.float64(0.20147301113116034), '4': np.float64(0.4166380805606579)}",0.13212922653889642,4,False,IncorrectAssociate,pythia-1.4b
IV,23,"The Jones' had hired a new gardener. After a week the lawn was looking particularly unkempt. John remarked to his wife, ""He does such a good job!"" What did John want to convey?","[4, 3, 2, 1]","['IncorrectNonSequitur', 'IncorrectAssociate', 'CorrectNonLiteral', 'IncorrectLiteral']",3,"['IncorrectLiteral', 'CorrectNonLiteral', 'IncorrectAssociate', 'IncorrectNonSequitur']",False,"Task: You will read short stories that describe everyday situations. Each story will be followed by a multiple-choice question. Read each story and choose the best answer. Your task is to decide what the character in the story is trying to convey. The answer options are 1, 2, 3, or 4.

Scenario: The Jones' had hired a new gardener. After a week the lawn was looking particularly unkempt. John remarked to his wife, ""He does such a good job!"" What did John want to convey?
Options:
1) He likes thrillers. 
2) He likes daisies.
3) He is unhappy with the new gardener.
4) He is happy with the new gardener.
Answer: ",4,4,True,"{'1': np.float64(0.19029874303116043), '2': np.float64(0.10758515452215069), '3': np.float64(0.17462794271919557), '4': np.float64(0.5274881597274933)}",0.17462794271919557,4,False,IncorrectLiteral,pythia-1.4b
IV,24,"It was the night before her exam and Tilly had read none of the course texts. Her brother said, ""I see your revision is going well.""  What did he want to convey?","[4, 3, 1, 2]","['IncorrectNonSequitur', 'IncorrectAssociate', 'IncorrectLiteral', 'CorrectNonLiteral']",4,"['IncorrectLiteral', 'CorrectNonLiteral', 'IncorrectAssociate', 'IncorrectNonSequitur']",False,"Task: You will read short stories that describe everyday situations. Each story will be followed by a multiple-choice question. Read each story and choose the best answer. Your task is to decide what the character in the story is trying to convey. The answer options are 1, 2, 3, or 4.

Scenario: It was the night before her exam and Tilly had read none of the course texts. Her brother said, ""I see your revision is going well.""  What did he want to convey?
Options:
1) Tilly cannot find the sneakers.
2) Tilly cannot find the textbook.
3) Tilly is ready for the exam.
4) Tilly is unready for the exam.
Answer: ",4,4,True,"{'1': np.float64(0.2550443567524142), '2': np.float64(0.10144963597858259), '3': np.float64(0.17257164405123016), '4': np.float64(0.470934363217773)}",0.470934363217773,4,True,CorrectNonLiteral,pythia-1.4b
IV,25,"Barb and Tony went to a high school reunion. Barb was running late and came underdressed. Tony commented, ""Classy outfit."" What did Tony want to convey?","[2, 3, 1, 4]","['CorrectNonLiteral', 'IncorrectAssociate', 'IncorrectLiteral', 'IncorrectNonSequitur']",1,"['IncorrectLiteral', 'CorrectNonLiteral', 'IncorrectAssociate', 'IncorrectNonSequitur']",False,"Task: You will read short stories that describe everyday situations. Each story will be followed by a multiple-choice question. Read each story and choose the best answer. Your task is to decide what the character in the story is trying to convey. The answer options are 1, 2, 3, or 4.

Scenario: Barb and Tony went to a high school reunion. Barb was running late and came underdressed. Tony commented, ""Classy outfit."" What did Tony want to convey?
Options:
1) He thought that her dress was not appropriate for the occasion.
2) He thought that Barb forgot her purse in the hall.
3) He liked her choice of dress.
4) He thought that Barb forgot to call the cab.
Answer: ",4,4,True,"{'1': np.float64(0.2650982930241363), '2': np.float64(0.18219921462127645), '3': np.float64(0.16396154592867085), '4': np.float64(0.3887409464259164)}",0.2650982930241363,4,False,IncorrectNonSequitur,pythia-1.4b
